{"chunk_definitions":[{"row":13,"row_count":1,"visible":true,"expansion_state":0,"options":{"engine":"r","message":false,"warning":false,"label":"unnamed-chunk-1","dev":"png"},"document_id":"08367274","chunk_id":"ced4uarpk0fdf","chunk_label":"unnamed-chunk-1"},{"row":21,"row_count":1,"visible":true,"expansion_state":0,"options":{"engine":"r","message":false,"warning":false,"label":"unnamed-chunk-2","dev":"png"},"document_id":"08367274","chunk_id":"carhragxoyrj6","chunk_label":"unnamed-chunk-2"},{"row":31,"row_count":1,"visible":true,"expansion_state":0,"options":{"engine":"r","label":"unnamed-chunk-3","dev":"png"},"document_id":"08367274","chunk_id":"cb3xzrfqxmgcx","chunk_label":"unnamed-chunk-3"},{"row":37,"row_count":1,"visible":true,"expansion_state":0,"options":{"engine":"r","label":"unnamed-chunk-4","dev":"png"},"document_id":"08367274","chunk_id":"cciht03b3j7ab","chunk_label":"unnamed-chunk-4"},{"row":43,"row_count":1,"visible":true,"expansion_state":0,"options":{"engine":"r","label":"unnamed-chunk-5","dev":"png"},"document_id":"08367274","chunk_id":"c8leh5snku7fg","chunk_label":"unnamed-chunk-5"},{"row":51,"row_count":1,"visible":true,"expansion_state":0,"options":{"engine":"r","label":"unnamed-chunk-6","dev":"png"},"document_id":"08367274","chunk_id":"cha9qyloa4s0e","chunk_label":"unnamed-chunk-6"},{"row":57,"row_count":1,"visible":true,"expansion_state":0,"options":{"engine":"r","label":"unnamed-chunk-25","dev":"png"},"document_id":"08367274","chunk_id":"cumi3ghcx1kyt","chunk_label":"unnamed-chunk-7"},{"row":67,"row_count":1,"visible":true,"expansion_state":0,"options":{"engine":"r","label":"unnamed-chunk-8","dev":"png"},"document_id":"08367274","chunk_id":"chyiclru9gpu7","chunk_label":"unnamed-chunk-8"},{"row":73,"row_count":1,"visible":true,"expansion_state":0,"options":{"engine":"r","label":"unnamed-chunk-10","dev":"png"},"document_id":"08367274","chunk_id":"crl7iwrodijr8","chunk_label":"unnamed-chunk-9"},{"row":81,"row_count":1,"visible":true,"expansion_state":0,"options":{"engine":"r","label":"unnamed-chunk-14","dev":"png"},"document_id":"08367274","chunk_id":"cioq5pygouzk3","chunk_label":"unnamed-chunk-10"},{"row":88,"row_count":1,"visible":true,"expansion_state":0,"options":{"engine":"r","label":"unnamed-chunk-15","dev":"png"},"document_id":"08367274","chunk_id":"c52au8fxum0fb","chunk_label":"unnamed-chunk-11"},{"row":94,"row_count":1,"visible":true,"expansion_state":0,"options":{"engine":"r","label":"unnamed-chunk-16","dev":"png"},"document_id":"08367274","chunk_id":"c8sbrspm42zo9","chunk_label":"unnamed-chunk-12"},{"row":102,"row_count":1,"visible":true,"expansion_state":0,"options":{"engine":"r","label":"unnamed-chunk-17","dev":"png"},"document_id":"08367274","chunk_id":"cl1tor52bpnzw","chunk_label":"unnamed-chunk-13"},{"row":108,"row_count":1,"visible":true,"expansion_state":0,"options":{"engine":"r","label":"unnamed-chunk-26","dev":"png"},"document_id":"08367274","chunk_id":"crfbxcbhddeu6","chunk_label":"unnamed-chunk-14"},{"row":116,"row_count":1,"visible":true,"expansion_state":0,"options":{"engine":"r","label":"unnamed-chunk-19","dev":"png"},"document_id":"08367274","chunk_id":"cfjxcsyhwrgd3","chunk_label":"unnamed-chunk-15"},{"row":124,"row_count":1,"visible":true,"expansion_state":0,"options":{"engine":"r","label":"unnamed-chunk-20","dev":"png"},"document_id":"08367274","chunk_id":"cxqfu5nln2gkg","chunk_label":"unnamed-chunk-16"},{"row":131,"row_count":1,"visible":true,"expansion_state":0,"options":{"engine":"r","label":"unnamed-chunk-21","dev":"png"},"document_id":"08367274","chunk_id":"cee68t53uhkmj","chunk_label":"unnamed-chunk-17"},{"row":137,"row_count":1,"visible":true,"expansion_state":0,"options":{"engine":"r","label":"unnamed-chunk-22","dev":"png"},"document_id":"08367274","chunk_id":"cxvss97c1vxsj","chunk_label":"unnamed-chunk-18"},{"row":145,"row_count":1,"visible":true,"expansion_state":0,"options":{"engine":"r","label":"unnamed-chunk-23","dev":"png"},"document_id":"08367274","chunk_id":"cqo8nsyqjotr5","chunk_label":"unnamed-chunk-19"},{"row":151,"row_count":1,"visible":true,"expansion_state":0,"options":{"engine":"r","label":"unnamed-chunk-27","dev":"png"},"document_id":"08367274","chunk_id":"cnex47e70yfj2","chunk_label":"unnamed-chunk-20"},{"row":158,"row_count":1,"visible":true,"expansion_state":0,"options":{"engine":"r","label":"unnamed-chunk-29","dev":"png"},"document_id":"08367274","chunk_id":"c53rpgtghq1xw","chunk_label":"unnamed-chunk-21"},{"row":189,"row_count":1,"visible":true,"expansion_state":0,"options":{"engine":"r","label":"unnamed-chunk-57","dev":"png"},"document_id":"08367274","chunk_id":"c2ajb9qxzpzlz","chunk_label":"unnamed-chunk-23"},{"row":195,"row_count":1,"visible":true,"expansion_state":0,"options":{"engine":"r","label":"unnamed-chunk-58","dev":"png"},"document_id":"08367274","chunk_id":"czwl3d8oc7wj9","chunk_label":"unnamed-chunk-24"},{"row":201,"row_count":1,"visible":true,"expansion_state":0,"options":{"engine":"r","label":"unnamed-chunk-59","dev":"png"},"document_id":"08367274","chunk_id":"c1udo7kvzefkw","chunk_label":"unnamed-chunk-25"},{"row":209,"row_count":1,"visible":true,"expansion_state":0,"options":{"engine":"r","label":"unnamed-chunk-60","dev":"png"},"document_id":"08367274","chunk_id":"cn8kkicky2a8r","chunk_label":"unnamed-chunk-26"},{"row":215,"row_count":1,"visible":true,"expansion_state":0,"options":{"engine":"r","label":"unnamed-chunk-61","dev":"png"},"document_id":"08367274","chunk_id":"c0mv6rp6wpjc9","chunk_label":"unnamed-chunk-27"},{"row":225,"row_count":1,"visible":true,"expansion_state":0,"options":{"engine":"r","label":"unnamed-chunk-62","dev":"png"},"document_id":"08367274","chunk_id":"clkmabdzsx2gg","chunk_label":"unnamed-chunk-28"},{"row":231,"row_count":1,"visible":true,"expansion_state":0,"options":{"engine":"r","label":"unnamed-chunk-63","dev":"png"},"document_id":"08367274","chunk_id":"cati8nu3izsr8","chunk_label":"unnamed-chunk-29"},{"row":239,"row_count":1,"visible":true,"expansion_state":0,"options":{"engine":"r","label":"unnamed-chunk-64","dev":"png"},"document_id":"08367274","chunk_id":"c18h7li75z9tb","chunk_label":"unnamed-chunk-30"},{"row":246,"row_count":1,"visible":true,"expansion_state":0,"options":{"engine":"r","label":"unnamed-chunk-65","dev":"png"},"document_id":"08367274","chunk_id":"cpt8o68hv3qps","chunk_label":"unnamed-chunk-31"},{"row":252,"row_count":1,"visible":true,"expansion_state":0,"options":{"engine":"r","label":"unnamed-chunk-66","dev":"png"},"document_id":"08367274","chunk_id":"csxsrpksqsvxe","chunk_label":"unnamed-chunk-32"},{"row":260,"row_count":1,"visible":true,"expansion_state":0,"options":{"engine":"r","label":"unnamed-chunk-67","dev":"png"},"document_id":"08367274","chunk_id":"cx32eynel8f8d","chunk_label":"unnamed-chunk-33"},{"row":266,"row_count":1,"visible":true,"expansion_state":0,"options":{"engine":"r","label":"unnamed-chunk-68","dev":"png"},"document_id":"08367274","chunk_id":"c5ay75w1nnw0m","chunk_label":"unnamed-chunk-34"},{"row":274,"row_count":1,"visible":true,"expansion_state":0,"options":{"engine":"r","label":"unnamed-chunk-69","dev":"png"},"document_id":"08367274","chunk_id":"cdzpmcdbmtdlv","chunk_label":"unnamed-chunk-35"},{"row":282,"row_count":1,"visible":true,"expansion_state":0,"options":{"engine":"r","label":"unnamed-chunk-70","dev":"png"},"document_id":"08367274","chunk_id":"cxbuqf1hkiple","chunk_label":"unnamed-chunk-36"},{"row":289,"row_count":1,"visible":true,"expansion_state":0,"options":{"engine":"r","label":"unnamed-chunk-71","dev":"png"},"document_id":"08367274","chunk_id":"cmweusn3zkqtb","chunk_label":"unnamed-chunk-37"},{"row":295,"row_count":1,"visible":true,"expansion_state":0,"options":{"engine":"r","label":"unnamed-chunk-72","dev":"png"},"document_id":"08367274","chunk_id":"cdnb6iov5oh25","chunk_label":"unnamed-chunk-38"},{"row":303,"row_count":1,"visible":true,"expansion_state":0,"options":{"engine":"r","label":"unnamed-chunk-73","dev":"png"},"document_id":"08367274","chunk_id":"clt51ny3uhsdm","chunk_label":"unnamed-chunk-39"},{"row":309,"row_count":1,"visible":true,"expansion_state":0,"options":{"engine":"r","label":"unnamed-chunk-74","dev":"png"},"document_id":"08367274","chunk_id":"c1jivyiaww2jh","chunk_label":"unnamed-chunk-40"},{"row":319,"row_count":1,"visible":true,"expansion_state":0,"options":{"engine":"r","label":"unnamed-chunk-75","dev":"png"},"document_id":"08367274","chunk_id":"cu43hp9o6tgfb","chunk_label":"unnamed-chunk-41"},{"row":325,"row_count":1,"visible":true,"expansion_state":0,"options":{"engine":"r","label":"unnamed-chunk-76","dev":"png"},"document_id":"08367274","chunk_id":"cb9af6dfxzj2i","chunk_label":"unnamed-chunk-42"},{"row":331,"row_count":1,"visible":true,"expansion_state":0,"options":{"engine":"r","label":"unnamed-chunk-77","dev":"png"},"document_id":"08367274","chunk_id":"c5hr17l01jvtr","chunk_label":"unnamed-chunk-43"},{"row":339,"row_count":1,"visible":true,"expansion_state":0,"options":{"engine":"r","label":"unnamed-chunk-78","dev":"png"},"document_id":"08367274","chunk_id":"c907p9bne35no","chunk_label":"unnamed-chunk-44"},{"row":345,"row_count":1,"visible":true,"expansion_state":0,"options":{"engine":"r","label":"unnamed-chunk-79","dev":"png"},"document_id":"08367274","chunk_id":"cyw1zq0dj4zz7","chunk_label":"unnamed-chunk-45"},{"row":355,"row_count":1,"visible":true,"expansion_state":0,"options":{"engine":"r","label":"unnamed-chunk-80","dev":"png"},"document_id":"08367274","chunk_id":"c9xdv15p59npy","chunk_label":"unnamed-chunk-46"},{"row":361,"row_count":1,"visible":true,"expansion_state":0,"options":{"engine":"r","label":"unnamed-chunk-81","dev":"png"},"document_id":"08367274","chunk_id":"cnpagekpc1hlt","chunk_label":"unnamed-chunk-47"},{"row":369,"row_count":1,"visible":true,"expansion_state":0,"options":{"engine":"r","label":"unnamed-chunk-82","dev":"png"},"document_id":"08367274","chunk_id":"cfcdsg67m93fn","chunk_label":"unnamed-chunk-48"},{"row":376,"row_count":1,"visible":true,"expansion_state":0,"options":{"engine":"r","label":"unnamed-chunk-83","dev":"png"},"document_id":"08367274","chunk_id":"c0rudska3govj","chunk_label":"unnamed-chunk-49"},{"row":382,"row_count":1,"visible":true,"expansion_state":0,"options":{"engine":"r","label":"unnamed-chunk-84","dev":"png"},"document_id":"08367274","chunk_id":"cmgyouvl75kdw","chunk_label":"unnamed-chunk-50"},{"row":390,"row_count":1,"visible":true,"expansion_state":0,"options":{"engine":"r","label":"unnamed-chunk-85","dev":"png"},"document_id":"08367274","chunk_id":"c9l6ozf9zd0k2","chunk_label":"unnamed-chunk-51"},{"row":396,"row_count":1,"visible":true,"expansion_state":0,"options":{"engine":"r","label":"unnamed-chunk-86","dev":"png"},"document_id":"08367274","chunk_id":"cw38ton8hwomg","chunk_label":"unnamed-chunk-52"},{"row":404,"row_count":1,"visible":true,"expansion_state":0,"options":{"engine":"r","label":"unnamed-chunk-87","dev":"png"},"document_id":"08367274","chunk_id":"cxrghn7hcree7","chunk_label":"unnamed-chunk-53"},{"row":412,"row_count":1,"visible":true,"expansion_state":0,"options":{"engine":"r","label":"unnamed-chunk-88","dev":"png"},"document_id":"08367274","chunk_id":"c7q172w7v6ort","chunk_label":"unnamed-chunk-54"},{"row":419,"row_count":1,"visible":true,"expansion_state":0,"options":{"engine":"r","label":"unnamed-chunk-89","dev":"png"},"document_id":"08367274","chunk_id":"c7b4r6x8l7jfw","chunk_label":"unnamed-chunk-55"},{"row":425,"row_count":1,"visible":true,"expansion_state":0,"options":{"engine":"r","label":"unnamed-chunk-90","dev":"png"},"document_id":"08367274","chunk_id":"cmqm9bc7js3zi","chunk_label":"unnamed-chunk-56"},{"row":433,"row_count":1,"visible":true,"expansion_state":0,"options":{"engine":"r","label":"unnamed-chunk-91","dev":"png"},"document_id":"08367274","chunk_id":"cvhxr3kr0i11w","chunk_label":"unnamed-chunk-57"},{"row":439,"row_count":1,"visible":true,"expansion_state":0,"options":{"engine":"r","label":"unnamed-chunk-92","dev":"png"},"document_id":"08367274","chunk_id":"cjd1f3a4r8gyp","chunk_label":"unnamed-chunk-58"}],"doc_write_time":1714352537}