{"chunk_definitions":[{"row":13,"row_count":1,"visible":true,"expansion_state":0,"options":{"engine":"r","label":"unnamed-chunk-45","dev":"png"},"document_id":"08367274","chunk_id":"cjhpok30huqsy","chunk_label":"unnamed-chunk-1"},{"row":21,"row_count":1,"visible":true,"expansion_state":0,"options":{"engine":"r","label":"unnamed-chunk-50","dev":"png"},"document_id":"08367274","chunk_id":"carhragxoyrj6","chunk_label":"unnamed-chunk-2"},{"row":31,"row_count":1,"visible":true,"expansion_state":0,"options":{"engine":"r","label":"unnamed-chunk-15","dev":"png"},"document_id":"08367274","chunk_id":"cb3xzrfqxmgcx","chunk_label":"unnamed-chunk-3"},{"row":37,"row_count":1,"visible":true,"expansion_state":0,"options":{"engine":"r","label":"unnamed-chunk-16","dev":"png"},"document_id":"08367274","chunk_id":"cciht03b3j7ab","chunk_label":"unnamed-chunk-4"},{"row":46,"row_count":1,"visible":true,"expansion_state":0,"options":{"engine":"r","label":"unnamed-chunk-20","dev":"png"},"document_id":"08367274","chunk_id":"chyiclru9gpu7","chunk_label":"unnamed-chunk-5"},{"row":52,"row_count":1,"visible":true,"expansion_state":0,"options":{"engine":"r","label":"unnamed-chunk-21","dev":"png"},"document_id":"08367274","chunk_id":"crl7iwrodijr8","chunk_label":"unnamed-chunk-6"},{"row":60,"row_count":1,"visible":true,"expansion_state":0,"options":{"engine":"r","label":"unnamed-chunk-22","dev":"png"},"document_id":"08367274","chunk_id":"cioq5pygouzk3","chunk_label":"unnamed-chunk-7"},{"row":67,"row_count":1,"visible":true,"expansion_state":0,"options":{"engine":"r","label":"unnamed-chunk-23","dev":"png"},"document_id":"08367274","chunk_id":"c52au8fxum0fb","chunk_label":"unnamed-chunk-8"},{"row":75,"row_count":1,"visible":true,"expansion_state":0,"options":{"engine":"r","label":"unnamed-chunk-24","dev":"png"},"document_id":"08367274","chunk_id":"cfjxcsyhwrgd3","chunk_label":"unnamed-chunk-9"},{"row":83,"row_count":1,"visible":true,"expansion_state":0,"options":{"engine":"r","label":"unnamed-chunk-25","dev":"png"},"document_id":"08367274","chunk_id":"cxqfu5nln2gkg","chunk_label":"unnamed-chunk-10"},{"row":90,"row_count":1,"visible":true,"expansion_state":0,"options":{"engine":"r","label":"unnamed-chunk-26","dev":"png"},"document_id":"08367274","chunk_id":"cee68t53uhkmj","chunk_label":"unnamed-chunk-11"},{"row":100,"row_count":1,"visible":true,"expansion_state":0,"options":{"engine":"r","label":"unnamed-chunk-27","dev":"png"},"document_id":"08367274","chunk_id":"cnntup68n0god","chunk_label":"unnamed-chunk-12"},{"row":106,"row_count":1,"visible":true,"expansion_state":0,"options":{"engine":"r","label":"unnamed-chunk-28","dev":"png"},"document_id":"08367274","chunk_id":"cecqde6k0dmyn","chunk_label":"unnamed-chunk-13"},{"row":115,"row_count":1,"visible":true,"expansion_state":0,"options":{"engine":"r","label":"unnamed-chunk-29","dev":"png"},"document_id":"08367274","chunk_id":"ceqf02whqibw9","chunk_label":"unnamed-chunk-14"},{"row":121,"row_count":1,"visible":true,"expansion_state":0,"options":{"engine":"r","label":"unnamed-chunk-30","dev":"png"},"document_id":"08367274","chunk_id":"ce7ier4ek99kh","chunk_label":"unnamed-chunk-15"},{"row":129,"row_count":1,"visible":true,"expansion_state":0,"options":{"engine":"r","label":"unnamed-chunk-31","dev":"png"},"document_id":"08367274","chunk_id":"c99fw8ny7j9p7","chunk_label":"unnamed-chunk-16"},{"row":136,"row_count":1,"visible":true,"expansion_state":0,"options":{"engine":"r","label":"unnamed-chunk-32","dev":"png"},"document_id":"08367274","chunk_id":"cu2gscyjypyan","chunk_label":"unnamed-chunk-17"},{"row":144,"row_count":1,"visible":true,"expansion_state":0,"options":{"engine":"r","label":"unnamed-chunk-33","dev":"png"},"document_id":"08367274","chunk_id":"cx15x8mncfbch","chunk_label":"unnamed-chunk-18"},{"row":152,"row_count":1,"visible":true,"expansion_state":0,"options":{"engine":"r","label":"unnamed-chunk-34","dev":"png"},"document_id":"08367274","chunk_id":"ceor17mlmcnxo","chunk_label":"unnamed-chunk-19"},{"row":159,"row_count":1,"visible":true,"expansion_state":0,"options":{"engine":"r","label":"unnamed-chunk-35","dev":"png"},"document_id":"08367274","chunk_id":"cso6o9sexudk3","chunk_label":"unnamed-chunk-20"},{"row":169,"row_count":1,"visible":true,"expansion_state":0,"options":{"engine":"r","label":"unnamed-chunk-36","dev":"png"},"document_id":"08367274","chunk_id":"cln824ti83uya","chunk_label":"unnamed-chunk-21"},{"row":175,"row_count":1,"visible":true,"expansion_state":0,"options":{"engine":"r","label":"unnamed-chunk-37","dev":"png"},"document_id":"08367274","chunk_id":"c4ehqn1s65oi4","chunk_label":"unnamed-chunk-22"},{"row":184,"row_count":1,"visible":true,"expansion_state":0,"options":{"engine":"r","label":"unnamed-chunk-38","dev":"png"},"document_id":"08367274","chunk_id":"c1jdw6kceh02s","chunk_label":"unnamed-chunk-23"},{"row":190,"row_count":1,"visible":true,"expansion_state":0,"options":{"engine":"r","label":"unnamed-chunk-39","dev":"png"},"document_id":"08367274","chunk_id":"cm2330y8q89ql","chunk_label":"unnamed-chunk-24"},{"row":198,"row_count":1,"visible":true,"expansion_state":0,"options":{"engine":"r","label":"unnamed-chunk-40","dev":"png"},"document_id":"08367274","chunk_id":"cktq6kofthwsl","chunk_label":"unnamed-chunk-25"},{"row":205,"row_count":1,"visible":true,"expansion_state":0,"options":{"engine":"r","label":"unnamed-chunk-41","dev":"png"},"document_id":"08367274","chunk_id":"ccyjsvhljwz0y","chunk_label":"unnamed-chunk-26"},{"row":213,"row_count":1,"visible":true,"expansion_state":0,"options":{"engine":"r","label":"unnamed-chunk-42","dev":"png"},"document_id":"08367274","chunk_id":"ca3jxugzz9kb7","chunk_label":"unnamed-chunk-27"},{"row":221,"row_count":1,"visible":true,"expansion_state":0,"options":{"engine":"r","label":"unnamed-chunk-43","dev":"png"},"document_id":"08367274","chunk_id":"ctknvc5lflpvl","chunk_label":"unnamed-chunk-28"},{"row":228,"row_count":1,"visible":true,"expansion_state":0,"options":{"engine":"r","label":"unnamed-chunk-44","dev":"png"},"document_id":"08367274","chunk_id":"ckam9k4doyed3","chunk_label":"unnamed-chunk-29"}],"doc_write_time":1714177777}